{"cameraMode":{"drawMode":0,"name":"Shaded","section":"Shading Mode"},"sceneLighting":true,"audioPlay":false,"sceneViewState":{"m_AlwaysRefresh":false,"showFog":true,"showSkybox":true,"showFlares":true,"showImageEffects":true,"showParticleSystems":true,"showVisualEffectGraphs":true,"m_FxEnabled":true},"in2DMode":false,"pivot":{"x":-0.6142575740814209,"y":0.11291056871414185,"z":-0.32402539253234866},"rotation":{"x":0.06527887284755707,"y":-0.9142369031906128,"z":0.16353057324886323,"w":0.3649410009384155},"size":1.105207920074463,"orthographic":false}